z,r_PStotal,Odds,NMAD,RMSE,Bias,PIT,CRPS
"(0, 3.5)",20.711843299965665,0.7016189230563625,0.04649919359347358,0.40050127404635605,-0.004967152820576866,0.5009431205919401,0.5066186350502835
"(0, 5)",20.711843299965665,0.6967199655828609,0.04681954907376045,0.42106924639085686,0.003324038029661257,0.5066186350502835,0.5066186350502835
"(0, 7)",20.711843299965665,0.6967199655828609,0.04681954907376045,0.42106924639085686,0.003324038029661257,0.5066186350502835,0.5066186350502835
