r_PStotal,z,Odds,NMAD,RMSE,Bias,PIT,CRPS
"(16, 20)",1.4323915996551513,0.8977590457033315,0.019697871665549177,0.23302760307641518,-0.02551006743701238,0.4613651587891103,0.5066007168623425
"(18, 21.3)",1.5271823406219482,0.7492515065469665,0.0368703057079166,0.37224195864195464,-0.005219043845936963,0.49880680726616633,0.5066007168623425
"(21.3, 22)",1.736764669418335,0.5479630941519726,0.11485791450588755,0.5461328674785225,0.03393955885983164,0.5590252029319522,0.5066007168623425
"(0, 23)",1.5745108127593994,0.6968869255613285,0.04680677854553451,0.4208057690865641,0.003187414698768266,0.5066007168623425,0.5066007168623425
