Odds,z,r_PStotal,NMAD,RMSE,Bias,PIT,CRPS
0.0,1.5747768878936768,20.711843299965665,0.04681954907376045,0.42106924639085686,0.003324038029661257,0.5066186350502835,0.5155596313079795
0.2,1.57,20.703719070184924,0.04599588290003208,0.41085569706725444,0.005265291786477166,0.5069148669296006,0.5155596313079795
0.4,1.5394951105117798,20.604423657088493,0.038923832675783226,0.3542162538027631,0.012571953676895474,0.5155596313079795,0.5155596313079795
