r_PStotal,z,Odds,NMAD,RMSE,Bias,PIT,CRPS
"(16, 20)",1.4323915996551513,0.9026514077458443,0.019687570663695857,0.23411543948967045,-0.021211816474560538,0.4946587187292981,0.5248024849061235
"(18, 21.3)",1.5271823406219482,0.7532138856460053,0.036013600401338795,0.37752737908159417,-0.0002765106268930884,0.5139086920963032,0.5248024849061235
"(21.3, 22)",1.736764669418335,0.565928835393049,0.11323895256749571,0.5643433502532698,0.056210085981723036,0.5797194225711833,0.5248024849061235
"(0, 23)",1.5745108127593994,0.7024222319338951,0.046965983891639494,0.4302302874442193,0.01209314616585824,0.5248024849061235,0.5248024849061235
