z,r_PStotal,Odds,NMAD,RMSE,Bias,PIT,CRPS
"(0, 3.5)",20.711843299965665,0.7071920771027582,0.04651815362337942,0.41028313709480585,0.0048030672311700825,0.5217975018832963,0.5249852037101087
"(0, 5)",20.711843299965665,0.7022669855541689,0.04719540215827817,0.4305538259232995,0.012408050663223084,0.5249852037101087,0.5249852037101087
"(0, 7)",20.711843299965665,0.7022669855541689,0.04719540215827817,0.4305538259232995,0.012408050663223084,0.5249852037101087,0.5249852037101087
