Odds,z,r_PStotal,NMAD,RMSE,Bias,PIT,CRPS
0.0,1.5747768878936768,20.711843299965665,0.04719540215827817,0.4305538259232995,0.012408050663223084,0.5249852037101087,0.5291863334833036
0.2,1.5690239667892456,20.70294444590163,0.04609860288758143,0.42016819583899595,0.012266752583981164,0.523635614995906,0.5291863334833036
0.4,1.5411982536315918,20.61339082549372,0.03879337094479449,0.35565176838423984,0.01401274417156981,0.5291863334833036,0.5291863334833036
