r_PStotal,z,Odds,NMAD,RMSE,Bias,PIT,CRPS
"(16, 20)",1.4323915996551513,0.5850374318874395,0.04793879349508466,0.2978286529795093,-0.030126922554148425,0.42953388894933536,0.512058842084695
"(18, 21.3)",1.5271823406219482,0.48489380766209794,0.07156384328826437,0.4100813219918549,0.022062352286943688,0.4941050496610077,0.512058842084695
"(21.3, 22)",1.736764669418335,0.35500703628705166,0.13810118650833555,0.5841457955642723,0.09190816264001761,0.5787580113439751,0.512058842084695
"(0, 23)",1.5745108127593994,0.44813696816164117,0.08230847773063729,0.45896144628804586,0.03642565340300557,0.512058842084695,0.512058842084695
