Odds,z,r_PStotal,NMAD,RMSE,Bias,PIT,CRPS
0.0,1.5747768878936768,20.711843299965665,0.08248016327212304,0.4591595891083395,0.036541113482253834,0.5121583680575761,0.5149252058463961
0.2,1.5554451942443848,20.676802462098372,0.0796932998059572,0.421574469021172,0.03296437106100378,0.5098622233290302,0.5149252058463961
0.4,1.4498181849174498,20.395106957623078,0.06408653386472855,0.3057380830215801,0.034121360458644216,0.5149252058463961,0.5149252058463961
