z,r_PStotal,Odds,NMAD,RMSE,Bias,PIT,CRPS
"(0, 3.5)",20.711843299965665,0.4498485959544213,0.08235273365116164,0.4327892450018192,0.025650208406398076,0.5050240913309709,0.5121583680575761
"(0, 5)",20.711843299965665,0.4479106368945155,0.08248016327212304,0.4591595891083395,0.036541113482253834,0.5121583680575761,0.5121583680575761
"(0, 7)",20.711843299965665,0.4479106368945155,0.08248016327212304,0.4591595891083395,0.036541113482253834,0.5121583680575761,0.5121583680575761
