Odds,z,r_PStotal,NMAD,RMSE,Bias,PIT,CRPS
0.0,1.5734500885009766,20.74083015917098,0.05448394282334866,0.4688592597116682,0.024414952897821803,0.523672645914445,0.5314611436357453
0.2,1.5668090000000001,20.72659765636554,0.053261848045345915,0.459670554383048,0.024557978446553434,0.5246974797166271,0.5314611436357453
0.4,1.535772442817688,20.602041174808036,0.04195726038804259,0.3920255335170165,0.019762841111073185,0.5314611436357453,0.5314611436357453
