z,r_PStotal,Odds,NMAD,RMSE,Bias,PIT,CRPS
"(0, 3.5)",20.74146407613872,0.6858232661274279,0.05394014467347815,0.42688237769863735,0.01124148684076494,0.5187300269896801,0.523672645914445
"(0, 5)",20.740900783038693,0.6809905200591932,0.054436198828057274,0.45398316259132315,0.02161459676518359,0.5234581839887216,0.523672645914445
"(0, 7)",20.74083015917098,0.6809328766906444,0.05448394282334866,0.4688592597116682,0.024414952897821803,0.523672645914445,0.523672645914445
