r_PStotal,z,Odds,NMAD,RMSE,Bias,PIT,CRPS
"(16, 20)",1.3993908166885376,0.8980110689216456,0.021462612241896908,0.31081229639522456,-0.006115888468477941,0.488417293173689,0.523672645914445
"(18, 21.3)",1.523016749858856,0.7376671424277634,0.04104586557902706,0.4150355343404093,0.0070112858816944,0.5034105427923863,0.523672645914445
"(21.3, 22)",1.7265765314102173,0.502259616455092,0.12949483432325315,0.6098675175432656,0.07948647681966595,0.5892708868966884,0.523672645914445
"(0, 23)",1.5734500885009766,0.6809328766906444,0.05448394282334866,0.4688592597116682,0.024414952897821803,0.523672645914445,0.523672645914445
