r_PStotal,z,Odds,NMAD,RMSE,Bias,PIT,CRPS
"(16, 20)",1.4323915996551513,0.5738136663906727,0.04834365615824832,0.29137158496508964,-0.030654558099429727,0.435621011427353,0.5042030169963075
"(18, 21.3)",1.5271823406219482,0.4748943572470796,0.07127874012883646,0.40891288443066026,0.013675936880212649,0.4891112567376194,0.5042030169963075
"(21.3, 22)",1.736764669418335,0.3492097395043149,0.1363888355210882,0.5846436713084434,0.07075658698082474,0.5819666703321299,0.5042030169963075
"(0, 23)",1.5745108127593994,0.4434247826831865,0.08262414950914108,0.4581471590489549,0.02528031732299735,0.5042030169963075,0.5042030169963075
