Odds,z,r_PStotal,NMAD,RMSE,Bias,PIT,CRPS
0.0,1.5747768878936768,20.711843299965665,0.08271618828284565,0.4583453514074029,0.025425252783624137,0.5042041738561884,0.5160341223006952
0.2,1.554246,20.66168683444326,0.07904952199646731,0.41637995954835855,0.029741038002853618,0.5048428040088296,0.5160341223006952
0.4,1.4728775372505187,20.367143602480876,0.062239392098967575,0.30098783504863924,0.029309389504265575,0.5160341223006952,0.5160341223006952
