z,r_PStotal,Odds,NMAD,RMSE,Bias,PIT,CRPS
"(0, 3.5)",20.711843299965665,0.44559303263272526,0.08297433548893607,0.43368341957769685,0.01628489181995228,0.49988920124714087,0.5042041738561884
"(0, 5)",20.711843299965665,0.44325919953541226,0.08271618828284565,0.4583453514074029,0.025425252783624137,0.5042041738561884,0.5042041738561884
"(0, 7)",20.711843299965665,0.44325919953541226,0.08271618828284565,0.4583453514074029,0.025425252783624137,0.5042041738561884,0.5042041738561884
