Odds,z,r_PStotal,NMAD,RMSE,Bias,PIT,CRPS
0.0,1.5747768878936768,20.711843299965665,0.0828994187761564,0.44789134384815293,0.01539911795175748,0.49480138010015107,0.5007760669492867
0.2,1.5525929927825928,20.66307128253489,0.07925404006660025,0.41153166114362344,0.022530674629887715,0.49448591736422437,0.5007760669492867
0.4,1.472,20.373117094091356,0.06289251811662445,0.3024772405699706,0.025605158400621462,0.5007760669492867,0.5007760669492867
