z,r_PStotal,Odds,NMAD,RMSE,Bias,PIT,CRPS
"(0, 3.5)",20.711843299965665,0.4499407939539295,0.08305145656548762,0.42964976678107697,0.006795756136853842,0.48925029064387593,0.49480138010015107
"(0, 5)",20.711843299965665,0.447959514472816,0.0828994187761564,0.44789134384815293,0.01539911795175748,0.49480138010015107,0.49480138010015107
"(0, 7)",20.711843299965665,0.447959514472816,0.0828994187761564,0.44789134384815293,0.01539911795175748,0.49480138010015107,0.49480138010015107
