r_PStotal,z,Odds,NMAD,RMSE,Bias,PIT,CRPS
"(16, 20)",1.4323915996551513,0.5733809493924311,0.04727625182590044,0.30020601852412354,-0.04056756975066491,0.4005035682231205,0.4947704305984718
"(18, 21.3)",1.5271823406219482,0.4822935380810688,0.07227852579047703,0.4030778813140448,0.0026860378742490066,0.48051696295768254,0.4947704305984718
"(21.3, 22)",1.736764669418335,0.3524837059481594,0.13629664189561527,0.5622957807076684,0.06368922080205676,0.574300933847277,0.4947704305984718
"(0, 23)",1.5745108127593994,0.448080740819279,0.08286328069161855,0.44764583694807947,0.015267689175227672,0.4947704305984718,0.4947704305984718
