r_PStotal,z,Odds,NMAD,RMSE,Bias,PIT,CRPS
"(16, 20)",1.4323915996551513,0.5703614003736143,0.04753315044631422,0.299502936961889,-0.049070373043953786,0.3885552846892165,0.48401197852438366
"(18, 21.3)",1.5271823406219482,0.47200692456903454,0.07211348903927116,0.40809141707470586,-7.095676737360315e-05,0.46612644504545175,0.48401197852438366
"(21.3, 22)",1.736764669418335,0.3425602931816971,0.1370143788038067,0.5711328229166229,0.06700615533916064,0.5625791131351466,0.48401197852438366
"(0, 23)",1.5745108127593994,0.43658338272662195,0.08335505177525739,0.4534488698564858,0.013979624564434074,0.48401197852438366,0.48401197852438366
