z,r_PStotal,Odds,NMAD,RMSE,Bias,PIT,CRPS
"(0, 3.5)",20.711843299965665,0.4387776227173848,0.08336438031883885,0.4338296519741683,0.004954542653761256,0.4770664599043656,0.48404386425771295
"(0, 5)",20.711843299965665,0.4364929847680669,0.08340403135661079,0.4536581379000342,0.014124842648012281,0.48404386425771295,0.48404386425771295
"(0, 7)",20.711843299965665,0.4364929847680669,0.08340403135661079,0.4536581379000342,0.014124842648012281,0.48404386425771295,0.48404386425771295
