Odds,z,r_PStotal,NMAD,RMSE,Bias,PIT,CRPS
0.0,1.5747768878936768,20.711843299965665,0.08340403135661079,0.4536581379000342,0.014124842648012281,0.48404386425771295,0.4908485018811808
0.2,1.551315426826477,20.66251537676464,0.07934820540674652,0.4186829203106005,0.02007595139323614,0.4843312603176092,0.4908485018811808
0.4,1.47737112374115,20.351362449784688,0.06156266933835298,0.2993099459746423,0.01742514688467164,0.4908485018811808,0.4908485018811808
