r_PStotal,z,Odds,NMAD,RMSE,Bias,PIT,CRPS
"(16, 20)",1.4323915996551513,0.9084389436852456,0.019550898919118893,0.23186924748520474,-0.013433426309535606,0.5090663456941293,0.5570612556741409
"(18, 21.3)",1.5271823406219482,0.778903733185169,0.037690651708565066,0.37539225768179363,0.012593484489645028,0.5498301073389963,0.5570612556741409
"(21.3, 22)",1.736764669418335,0.615240547009001,0.12454791479082743,0.5693766564174174,0.08263516215845786,0.6116811460389646,0.5570612556741409
"(0, 23)",1.5745108127593994,0.7365717134997944,0.04943521301007909,0.4299167751821529,0.028607354434949755,0.5570612556741409,0.5570612556741409
