Odds,z,r_PStotal,NMAD,RMSE,Bias,PIT,CRPS
0.0,1.5747768878936768,20.711843299965665,0.049459699187935934,0.43025959600009156,0.028607363898853832,0.5571825280834357,0.5596583853990053
0.2,1.5697533656730651,20.707370030848523,0.04891642859573502,0.42271530364495885,0.027964662938152644,0.5571825280834357,0.5596583853990053
0.4,1.54,20.646394405157224,0.04315846422681436,0.3754766937732494,0.02906123363012991,0.5596583853990053,0.5596583853990053
