z,r_PStotal,Odds,NMAD,RMSE,Bias,PIT,CRPS
"(0, 3.5)",20.711843299965665,0.7408090382306325,0.04899410825743178,0.41008682511492456,0.019885024217629086,0.5523381013959722,0.5571825280834357
"(0, 5)",20.711843299965665,0.7365241381258731,0.049459699187935934,0.43025959600009156,0.028607363898853832,0.5571825280834357,0.5571825280834357
"(0, 7)",20.711843299965665,0.7365241381258731,0.049459699187935934,0.43025959600009156,0.028607363898853832,0.5571825280834357,0.5571825280834357
