Odds,z,r_PStotal,NMAD,RMSE,Bias,PIT,CRPS
0.0,1.5747768878936768,20.711843299965665,0.04838620228520359,0.42369305566927173,0.002097357505683308,0.5430353998876827,0.5596633605871383
0.2,1.570581555366516,20.705956406434247,0.048127136567337525,0.41668656317705305,0.0018545532897020136,0.5425731520032829,0.5596633605871383
0.4,1.56,20.65041174337062,0.04256958769317973,0.3721486255570361,0.010217550097389012,0.5596633605871383,0.5596633605871383
