r_PStotal,z,Odds,NMAD,RMSE,Bias,PIT,CRPS
"(16, 20)",1.4323915996551513,0.921139919105845,0.018559032546044976,0.23538362743331737,-0.021106359322018875,0.545233104963772,0.5428542709227777
"(18, 21.3)",1.5271823406219482,0.7943296874680659,0.036479917946480055,0.3752431257609157,-0.005947966916264104,0.5384539330448073,0.5428542709227777
"(21.3, 22)",1.736764669418335,0.6329696765818018,0.1183549163013218,0.5493518280925964,0.03047318012869987,0.563691482419612,0.5428542709227777
"(0, 23)",1.5745108127593994,0.751776282289551,0.04830105030148374,0.42358630752229215,0.002062346981314901,0.5428542709227777,0.5428542709227777
