z,r_PStotal,Odds,NMAD,RMSE,Bias,PIT,CRPS
"(0, 3.5)",20.711843299965665,0.7566228041766885,0.04797136942819241,0.4083211983262994,-0.005657906135220735,0.5363435475922345,0.5430353998876827
"(0, 5)",20.711843299965665,0.7515262985715336,0.04838620228520359,0.42369305566927173,0.002097357505683308,0.5430353998876827,0.5430353998876827
"(0, 7)",20.711843299965665,0.7515262985715336,0.04838620228520359,0.42369305566927173,0.002097357505683308,0.5430353998876827,0.5430353998876827
