Odds,z,r_PStotal,NMAD,RMSE,Bias,PIT,CRPS
0.0,1.5747768878936768,20.711843299965665,0.04872556668810373,0.4241524525684427,0.014483083149713805,0.5164118748807135,0.5189651188244336
0.2,1.5670952796936035,20.701172983662072,0.04755611041997849,0.4092371497915202,0.013605941756280564,0.515710198444186,0.5189651188244336
0.4,1.536639928817749,20.59831046647689,0.039619054716409835,0.3457444713925685,0.013982854939051033,0.5189651188244336,0.5189651188244336
