r_PStotal,z,Odds,NMAD,RMSE,Bias,PIT,CRPS
"(16, 20)",1.4323915996551513,0.8935843384037697,0.02081727438782227,0.234071096743419,-0.0241890595684299,0.45530923941375245,0.5163625958955
"(18, 21.3)",1.5271823406219482,0.7457170243250049,0.03831967064588749,0.371861780208374,0.003584538642388567,0.5079725917477943,0.5163625958955
"(21.3, 22)",1.736764669418335,0.5589152332191961,0.12139129952709045,0.5560944155254356,0.05401512263856415,0.5635664634623913,0.5163625958955
"(0, 23)",1.5745108127593994,0.6950477987688037,0.048647758535274165,0.42379169932829874,0.014448095114825659,0.5163625958955,0.5163625958955
