z,r_PStotal,Odds,NMAD,RMSE,Bias,PIT,CRPS
"(0, 3.5)",20.711843299965665,0.6988848808575417,0.048351887840639284,0.40605139009052105,0.006818242257352776,0.5112238832255159,0.5164118748807135
"(0, 5)",20.711843299965665,0.6949509022868396,0.04872556668810373,0.4241524525684427,0.014483083149713805,0.5164118748807135,0.5164118748807135
"(0, 7)",20.711843299965665,0.6949509022868396,0.04872556668810373,0.4241524525684427,0.014483083149713805,0.5164118748807135,0.5164118748807135
