r_PStotal,z,Odds,NMAD,RMSE,Bias,PIT,CRPS
"(16, 20)",1.4323915996551513,0.9059158058556206,0.020209723110060283,0.23646960452497243,-0.02877886551677041,0.45719436892861864,0.4956916798298371
"(18, 21.3)",1.5271823406219482,0.768135813723758,0.036697705383948835,0.38121824970646256,-0.010827815731430566,0.48893710857434514,0.4956916798298371
"(21.3, 22)",1.736764669418335,0.5848969568230051,0.12524301981634695,0.5563562750387293,0.030352492078897036,0.5286295294253065,0.4956916798298371
"(0, 23)",1.5745108127593994,0.7216875007661905,0.047564675996285485,0.430003565023345,-0.0018273686332417592,0.4956916798298371,0.4956916798298371
