Odds,z,r_PStotal,NMAD,RMSE,Bias,PIT,CRPS
0.0,1.5747768878936768,20.711843299965665,0.047589260261595955,0.43030780612132985,-0.0017620706822689526,0.4957340628416524,0.5063247154536159
0.2,1.5689849853515625,20.70648125912068,0.04702182985843171,0.4153117990570817,-0.002006836463339409,0.4943522101687545,0.5063247154536159
0.4,1.5526093244552612,20.6243562395464,0.04003492913817187,0.3661035888280482,0.005155022632015337,0.5063247154536159,0.5063247154536159
