z,r_PStotal,Odds,NMAD,RMSE,Bias,PIT,CRPS
"(0, 3.5)",20.711843299965665,0.7261704009489449,0.04740908516886873,0.4122984305393626,-0.008848620361788207,0.49141521063245597,0.4957340628416524
"(0, 5)",20.711843299965665,0.7216526207866094,0.047589260261595955,0.43030780612132985,-0.0017620706822689526,0.4957340628416524,0.4957340628416524
"(0, 7)",20.711843299965665,0.7216526207866094,0.047589260261595955,0.43030780612132985,-0.0017620706822689526,0.4957340628416524,0.4957340628416524
