z,r_PStotal,Odds,NMAD,RMSE,Bias,PIT,CRPS
"(0, 3.5)",20.74146407613872,0.6691008607007103,0.05159030375417037,0.42307457428776957,0.003967881590768256,0.49571137911716145,0.5017069128394036
"(0, 5)",20.740900783038693,0.6648945084225203,0.052012761292663724,0.4463132825481849,0.013169232999761403,0.5013395593185225,0.5017069128394036
"(0, 7)",20.74083015917098,0.6647918793970682,0.05211924250546591,0.4615513489136141,0.01598347650265168,0.5017069128394036,0.5017069128394036
