r_PStotal,z,Odds,NMAD,RMSE,Bias,PIT,CRPS
"(16, 20)",1.3993908166885376,0.8848875331990192,0.022354299337143158,0.3009799081937651,-0.009630602436109695,0.4624179592504402,0.5017069128394036
"(18, 21.3)",1.523016749858856,0.7227698981621675,0.038659661264477216,0.40245281208063954,-0.0033813719099134846,0.479055673324413,0.5017069128394036
"(21.3, 22)",1.7265765314102173,0.49594521899445126,0.13140808193133155,0.6129694983746785,0.07661954280766615,0.5792035621648001,0.5017069128394036
"(0, 23)",1.5734500885009766,0.6647918793970682,0.05211924250546591,0.4615513489136141,0.01598347650265168,0.5017069128394036,0.5017069128394036
