Odds,z,r_PStotal,NMAD,RMSE,Bias,PIT,CRPS
0.0,1.5734500885009766,20.74083015917098,0.05211924250546591,0.4615513489136141,0.01598347650265168,0.5017069128394036,0.5100422716978543
0.2,1.5663989357795716,20.72283574508464,0.050872543020053555,0.45042612127418113,0.01758675469728338,0.5033271635456875,0.5100422716978543
0.4,1.556943,20.5945266351048,0.03881082521987514,0.3955905451406445,0.016314725385009485,0.5100422716978543,0.5100422716978543
