r_PStotal,z,Odds,NMAD,RMSE,Bias,PIT,CRPS
"(16, 20)",1.4323915996551513,0.9208191949914233,0.01964846230531694,0.23447271722749197,-0.029771119372268236,0.45626618596163415,0.47977365476069533
"(18, 21.3)",1.5271823406219482,0.7818226712398507,0.037190028495790915,0.3810455826609231,-0.008900755487906968,0.4713879790499995,0.47977365476069533
"(21.3, 22)",1.736764669418335,0.5928085825384213,0.11985235638545548,0.5459278365723793,0.032787645727924745,0.5438978482799282,0.47977365476069533
"(0, 23)",1.5745108127593994,0.7313743326845062,0.0475321368119271,0.4266132527061702,0.0002389142727073857,0.47977365476069533,0.47977365476069533
