z,r_PStotal,Odds,NMAD,RMSE,Bias,PIT,CRPS
"(0, 3.5)",20.711843299965665,0.7361682422035786,0.047482886842995446,0.4082938240339204,-0.00720816298442973,0.4756191940738575,0.4797823476938447
"(0, 5)",20.711843299965665,0.7310425102778727,0.04764332676923177,0.42697911022920104,0.00024208143939022332,0.4797823476938447,0.4797823476938447
"(0, 7)",20.711843299965665,0.7310425102778727,0.04764332676923177,0.42697911022920104,0.00024208143939022332,0.4797823476938447,0.4797823476938447
