Odds,z,r_PStotal,NMAD,RMSE,Bias,PIT,CRPS
0.0,1.5747768878936768,20.711843299965665,0.04764332676923177,0.42697911022920104,0.00024208143939022332,0.4797823476938447,0.48462855729866955
0.2,1.5699656939506532,20.706633404045007,0.04716416639989656,0.4147465447765776,0.0015383838339668747,0.4797286198777263,0.48462855729866955
0.4,1.5409885005950927,20.626335146473654,0.04113229240907688,0.3635977304849508,0.0074057704818095305,0.48462855729866955,0.48462855729866955
