z,r_PStotal,Odds,NMAD,RMSE,Bias,PIT,CRPS
"(0, 3.5)",20.711843299965665,0.7066414856936349,0.04756484597829639,0.4071716430978204,0.011739362390307132,0.5325032807136183,0.5374456082231465
"(0, 5)",20.711843299965665,0.7016546829363569,0.04805863563692143,0.4281851409434245,0.01985896347632441,0.5374456082231465,0.5374456082231465
"(0, 7)",20.711843299965665,0.7016546829363569,0.04805863563692143,0.4281851409434245,0.01985896347632441,0.5374456082231465,0.5374456082231465
