Odds,z,r_PStotal,NMAD,RMSE,Bias,PIT,CRPS
0.0,1.5747768878936768,20.711843299965665,0.04805863563692143,0.4281851409434245,0.01985896347632441,0.5374456082231465,0.5402594028166312
0.2,1.574,20.70882258102305,0.047659241970516734,0.4228565518413107,0.02066129874791413,0.5374456082231465,0.5402594028166312
0.4,1.5627358182334898,20.599976633421996,0.039294255004926344,0.3589494793135398,0.017577173225657376,0.5402594028166312,0.5402594028166312
