r_PStotal,z,Odds,NMAD,RMSE,Bias,PIT,CRPS
"(16, 20)",1.4323915996551513,0.8949538145369644,0.020388083734303484,0.23618878588412834,-0.018019137115430177,0.5013398714315025,0.5374112142992854
"(18, 21.3)",1.5271823406219482,0.7511030632071856,0.03735869167051434,0.37519749707889827,0.009031759236862849,0.5321805804590337,0.5374112142992854
"(21.3, 22)",1.736764669418335,0.5567408890173349,0.1170048598921303,0.561395476805922,0.05863381900900987,0.5755077649140714,0.5374112142992854
"(0, 23)",1.5745108127593994,0.7017449534313077,0.04795101629273032,0.4279268886800584,0.01978284879415695,0.5374112142992854,0.5374112142992854
